student,digit,kind,x_m,n_points,h_m,chip_umax,chip_V,chip_ratio,alpha_student5,alpha_student4,alpha_full_verify,source
sim01,0,uniform,1.5,24,0.3194,4.4459,3.7771,1.1950,1.1018,1.1253,1.1917,measured
sim02,1,uniform,2,22,0.2928,4.8910,4.0155,1.2111,1.0937,1.1116,1.1650,measured
sim03,2,uniform,2.5,21,0.2795,5.1529,4.2003,1.2356,1.0910,1.1093,1.1573,measured
sim04,3,uniform,3,21,0.2795,5.3412,4.2307,1.2945,1.1273,1.1536,1.2297,measured
sim05,4,uniform,3.5,20,0.2662,5.7769,4.4563,1.2729,1.1134,1.1250,1.1833,measured
sim06,5,uniform,4,20,0.2662,6.1994,4.5691,1.3386,1.3163,1.1816,1.2876,measured
sim07,6,uniform,4.5,19,0.2529,6.0634,4.5611,1.2956,1.2257,1.1446,1.2299,measured
sim08,7,uniform,5,18,0.2395,5.9259,4.6588,1.2993,1.1943,1.1307,1.2041,measured
sim09,8,uniform,1.5,24,0.3194,4.5743,3.7957,1.1892,1.1027,1.1259,1.1919,measured
sim10,9,uniform,2,22,0.2928,4.8525,4.0135,1.2125,1.0932,1.1109,1.1656,measured
class_freeslip,,freeslip,3.5,20,0.2662,,,1.2739,1.1228,,1.1819,measured
class_gatewake_vena,,gatewake_vena,5.6304,,,,,1.0979,,,1.0265,measured
class_gatewake_wake,,gatewake_wake,6.1304,,,,,1.1850,,,1.1081,measured
