# NC-2 dry-run class: the SHALLOW run only (the deep run is provisional, README).
# One row per digit: the measured hover readings at that digit's station (Average,
# T = 16.2 s, Medium), rounded to the decimals the hover box and rake chip print.
student_id,digit,run,x_m,d_m,u02,u06,u08,V
sim00,0,shallow,13,0.442,1.12,0.91,0.74,0.91
sim01,1,shallow,14,0.442,1.12,0.91,0.74,0.91
sim02,2,shallow,15,0.442,1.12,0.91,0.74,0.91
sim03,3,shallow,16,0.442,1.12,0.91,0.74,0.91
sim04,4,shallow,17,0.442,1.12,0.91,0.74,0.91
sim05,5,shallow,18,0.442,1.12,0.91,0.74,0.91
sim06,6,shallow,19,0.442,1.12,0.91,0.74,0.91
sim07,7,shallow,20,0.442,1.12,0.91,0.74,0.91
sim08,8,shallow,13,0.442,1.12,0.91,0.74,0.91
sim09,9,shallow,14,0.442,1.12,0.91,0.74,0.91
