student,digit,d,scene,q,level,d_c,d_crest,d_brink,d_crest_over_dc,d_brink_over_dc,crit_x,dist_to_lip_dc,t_settle,source
sim00,0,0,sandbox+FB2rig,0.15,1.1824,0.1319,0.1254,0.1051,0.9509,0.797,6.7174,5.176,55.01,measured
sim01,1,1,sandbox+FB2rig,0.20,1.2284,0.1598,0.1548,0.1222,0.969,0.7649,6.7391,4.137,55.01,measured
sim02,2,2,sandbox+FB2rig,0.25,1.2707,0.1854,0.1836,0.1387,0.9904,0.7482,6.7826,3.330,55.01,measured
sim03,3,3,sandbox+FB2rig,0.30,1.3102,0.2093,0.2147,0.1575,1.0256,0.7524,6.8043,2.846,55.01,measured
sim04,4,4,sandbox+FB2rig,0.35,1.3476,0.232,0.2455,0.1724,1.0582,0.7431,6.8696,2.286,55.01,measured
sim05,5,5,sandbox+FB2rig,0.40,1.3832,0.2536,0.2606,0.1874,1.0276,0.739,6.8261,2.263,55.01,measured
sim06,6,6,sandbox+FB2rig,0.45,1.4174,0.2743,0.3016,0.2093,1.0995,0.763,6.9348,1.696,55.01,measured
sim07,7,7,sandbox+FB2rig,0.50,1.4503,0.2943,0.3113,0.2219,1.0578,0.7541,6.8696,1.802,55.01,measured
sim08,8,8,sandbox+FB2rig,0.55,1.4822,0.3136,0.3323,0.2339,1.0597,0.7459,6.8913,1.622,55.01,measured
sim09,9,9,sandbox+FB2rig,0.55,1.4822,0.3136,0.3323,0.2339,1.0597,0.7459,6.8913,1.622,55.01,measured
