student,digit,scene,q,station_x,h,Sf,tau0,Dmin_mm,h_min,h_max,Sf_min,Sf_max,flatness_pct,source
sim00,0,s2,0.8,3.5,0.2018,0.13525,267.75,295.38,,,,,,measured
sim01,1,s2,0.84,3.5,0.2082,0.13931,284.53,313.90,,,,,,measured
sim02,2,s2,0.88,3.5,0.216,0.13539,286.89,316.50,,,,,,measured
sim03,3,s2,0.92,3.5,0.2225,0.12947,282.60,311.76,,,,,,measured
sim04,4,s2,0.96,3.5,0.2294,0.12269,276.10,304.60,,,,,,measured
sim05,5,s2,1.0,3.5,0.2377,0.12176,283.92,313.23,,,,,,measured
sim06,6,s2,1.04,3.5,0.2447,0.12168,292.09,322.24,,,,,,measured
sim07,7,s2,1.08,3.5,0.2516,0.10945,270.14,298.03,,,,,,measured
sim08,8,s2,1.12,3.5,0.2599,0.11334,288.97,318.80,,,,,,measured
sim09,9,s2,1.16,3.5,0.2636,0.10965,283.55,312.81,,,,,,measured
anchor-m2,,m2,0.25,7.0,0.2638,0.00534,13.82,15.25,,,,,,measured
