t_sim_s,g1_x30.00_y3.50_head_m,g1_x30.00_y3.50_depth_m,g1_x30.00_y3.50_speed_mps,g2_x54.00_y3.50_head_m,g2_x54.00_y3.50_depth_m,g2_x54.00_y3.50_speed_mps
12.017020762918023,24.594779696061096,2.889892578125,2.2547462819497537,24.569685909726203,2.889892578125,2.3419376569381
12.03331723805082,24.616364427541253,2.889892578125,2.251318497071538,24.5533025432435,2.889892578125,2.3424342712083357
12.049613713183618,24.616874609275452,2.889892578125,2.251064467041208,24.555767903148094,2.889892578125,2.343328469397161
12.065910188316415,24.59455882470056,2.889892578125,2.254712649178526,24.56415168225583,2.889892578125,2.342235258720535
12.082206663449213,24.58987075230154,2.889892578125,2.2552657466505073,24.543066244485058,2.889892578125,2.3426149992238
12.09850313858201,24.607787774851076,2.889892578125,2.252252270440863,24.53037080755049,2.889892578125,2.34365085523457
12.114799613714808,24.61740656705928,2.889892578125,2.2509764260459666,24.55120115445416,2.889892578125,2.342448544174147
12.131096088847606,24.607311812623436,2.889892578125,2.252209174823799,24.547965855651917,2.889892578125,2.3430697819855086
12.147392563980404,24.59456815729326,2.889892578125,2.253742069309486,24.523587568090594,2.889892578125,2.3453460617793813
12.163689039113201,24.595787616072567,2.889892578125,2.254517941369904,24.534673132784626,2.889892578125,2.3445141626099444
12.179985514245999,24.611046405135067,2.889892578125,2.2531975058088793,24.549337746778637,2.889892578125,2.343064219467508
12.196281989378797,24.621533128464257,2.889892578125,2.251230245872348,24.53493133451596,2.889892578125,2.3443876141631663
12.212578464511594,24.61224564329686,2.889892578125,2.25269236757434,24.53124962669629,2.889892578125,2.344586872284053
12.228874939644392,24.602703067262357,2.889892578125,2.254809026759225,24.546825723910548,2.889892578125,2.3430959847156205
12.24517141477719,24.614141715046827,2.889892578125,2.2531745865940267,24.53749313121177,2.889892578125,2.3450478832802637
12.261467889909987,24.62062320067613,2.889892578125,2.2523946113407214,24.525412089963208,2.889892578125,2.3473886145280054
12.277764365042785,24.61567537111366,2.889892578125,2.2546786459136086,24.532708622021534,2.889892578125,2.3468747533709884
12.294060840175582,24.613367109852827,2.889892578125,2.255603690815156,24.528725160371273,2.889892578125,2.347674868653648
12.31035731530838,24.616700400878408,2.889892578125,2.254988612630634,24.51684010356938,2.889892578125,2.3493012445494155
12.326653790441178,24.607492242748947,2.889892578125,2.2568677237032757,24.53235398349898,2.889892578125,2.348138353140744
12.342950265573975,24.60589481396534,2.889892578125,2.2580323899680868,24.545498940315206,2.889892578125,2.3464111938550536
12.359246740706773,24.608896797950113,2.889892578125,2.2573077280870697,24.53887591036331,2.889892578125,2.34698075207426
12.37554321583957,24.60346211813519,2.889892578125,2.258033684095402,24.52975952272872,2.889892578125,2.3482575897556353
12.391839690972368,24.602006233674185,2.889892578125,2.2589801859529666,24.541534143850342,2.889892578125,2.3475526799828232
12.408136166105166,24.608386616215913,2.889892578125,2.258108624533626,24.539079671970565,2.889892578125,2.347542379019958
12.424432641237964,24.602718621583524,2.889892578125,2.259003838716923,24.53070989175188,2.889892578125,2.3482220869321138
12.440729116370761,24.59150706688806,2.889892578125,2.2607576450500355,24.53383164400962,2.889892578125,2.3481160025398093
12.457025591503559,24.6003636973592,2.889892578125,2.2589646403944212,24.530862324099292,2.889892578125,2.348484969520362
12.473322066636356,24.597607471648825,2.889892578125,2.258416820802679,24.518580632107703,2.889892578125,2.350024783876262
12.489618541769154,24.584523176685142,2.889892578125,2.261318146839116,24.52238521906457,2.889892578125,2.350486765699442
12.505915016901952,24.587682259313677,2.889892578125,2.2613653592127867,24.53739669442055,2.889892578125,2.34926230832438
12.52221149203475,24.596517113735185,2.889892578125,2.258617788616859,24.527857229250287,2.889892578125,2.350182351060261
12.538507967167547,24.586347698557752,2.889892578125,2.259180714314306,24.517946015804185,2.889892578125,2.3517561821806328
12.554804442300345,24.582739096047558,2.889892578125,2.2603355134152388,24.53730959022203,2.889892578125,2.350284556357772
12.571100917433142,24.594631930010035,2.889892578125,2.258639957628957,24.532770839306192,2.889892578125,2.350537704260407
12.58739739256594,24.586276148680394,2.889892578125,2.2591304405446704,24.52328270339577,2.889892578125,2.352193729202153
12.603693867698738,24.575125255837474,2.889892578125,2.2614501769785442,24.54311912917702,2.889892578125,2.351300796588758
12.619990342831535,24.574898162748468,2.889892578125,2.2612357714895652,24.547724763673866,2.889892578125,2.35126432040757
12.636286817964333,24.569034183669405,2.889892578125,2.260756384574531,24.532739730663863,2.889892578125,2.3530847065209173
12.65258329309713,24.56084483357623,2.889892578125,2.262392447170339,24.541823454224005,2.889892578125,2.352798049432265
12.668879768229928,24.568950190335116,2.889892578125,2.261988775401374,24.561061038640418,2.889892578125,2.3510343472554784
12.685176243362726,24.580153967869997,2.889892578125,2.259061590081643,24.55005324555221,2.889892578125,2.3522769179107423
12.701472718495523,24.57121801036092,2.889892578125,2.2586063680017965,24.540047150747004,2.889892578125,2.3537293458868818
12.717769193628321,24.56532136720741,2.889892578125,2.2597952905417897,24.55801239169215,2.889892578125,2.352212304258816
12.734065668761119,24.571056245420806,2.889892578125,2.2596386910184227,24.552929239535548,2.889892578125,2.3529241217209904
12.750362143893916,24.57148554468495,2.889892578125,2.2588401995264666,24.542131429783065,2.889892578125,2.354424699526964
12.766658619026714,24.56189163939061,2.889892578125,2.2590961983043054,24.56107192666523,2.889892578125,2.3524972908661352
12.782955094159512,24.55901408997515,2.889892578125,2.2587614269484133,24.556096099324666,2.889892578125,2.352295495343844
12.79925156929231,24.55706668896534,2.889892578125,2.258225593488946,24.53802975529195,2.889892578125,2.354084471804574
12.815548044425107,24.542944920779973,2.889892578125,2.259418147846394,24.556687163528924,2.889892578125,2.352864963110096
12.831844519557905,24.544519018081836,2.889892578125,2.2600358819085162,24.56988500503711,2.889892578125,2.351213643965436
12.848140994690702,24.557063578101108,2.889892578125,2.2588231506380008,24.550081243330308,2.889892578125,2.3527186924686183
12.8644374698235,24.5475676650301,2.889892578125,2.258452333651077,24.53254841251354,2.889892578125,2.3542013416548104
12.880733944956297,24.53441493105329,2.889892578125,2.2592944568189814,24.561544778028637,2.889892578125,2.3514144894497866
12.897030420089095,24.548420041829925,2.889892578125,2.258797860688164,24.565756888200017,2.889892578125,2.3503181547297163
12.913326895221893,24.55492641437309,2.889892578125,2.258770893096936,24.55253882607432,2.889892578125,2.3519087343467717
12.92962337035469,24.541218391130702,2.889892578125,2.2591443169055165,24.555526811170044,2.889892578125,2.3522772929934255
12.945919845487488,24.542619835467633,2.889892578125,2.2574739468841827,24.5622027258139,2.889892578125,2.351234044185587
12.962216320620286,24.552403503480186,2.889892578125,2.256468300846989,24.54792074812054,2.889892578125,2.35205363250879
12.978512795753083,24.546177108717984,2.889892578125,2.258786184719276,24.5511669349476,2.889892578125,2.352129578218916
12.994809270885881,24.550893178895098,2.889892578125,2.258811954530123,24.577428850801954,2.889892578125,2.3493308732864286
13.011105746018679,24.563555951755223,2.889892578125,2.2562252466076207,24.5713486666587,2.889892578125,2.3486562845320247
13.027402221151476,24.55602921574366,2.889892578125,2.256224390510556,24.54000982037621,2.889892578125,2.3516747604848307
13.043698696284274,24.548490036275165,2.889892578125,2.2579659487132693,24.532243547818712,2.889892578125,2.353067470500484
13.059995171417071,24.564893623375383,2.889892578125,2.257337572757259,24.552112637674405,2.889892578125,2.3513164796799892
13.076291646549869,24.5643756644806,2.889892578125,2.2570088872873053,24.541596361135003,2.889892578125,2.3519154246590017
13.092588121682667,24.551730001373755,2.889892578125,2.257617773784261,24.52739371047958,2.889892578125,2.35293785334278
13.108884596815464,24.565987092153254,2.889892578125,2.256558917705687,24.529672418530197,2.889892578125,2.352126202300486
13.125181071948262,24.574593298053642,2.889892578125,2.2564416639176357,24.528776489631117,2.889892578125,2.351566187591727
13.14147754708106,24.563313304345055,2.889892578125,2.2578491188110745,24.520036516568712,2.889892578125,2.352181798614339
13.157774022213857,24.571532207648445,2.889892578125,2.257066729617316,24.529110907536154,2.889892578125,2.3518941999327603
13.174070497346655,24.592146349487926,2.889892578125,2.2551045670887584,24.534894004145162,2.889892578125,2.3516443996480954
13.190366972479453,24.58215269813965,2.889892578125,2.2563900227969835,24.517026755423355,2.889892578125,2.352714136423407
13.20666344761225,24.57045273775962,2.889892578125,2.258120302035392,24.504959713063837,2.889892578125,2.3533962037261404
13.222959922745048,24.587613820300554,2.889892578125,2.2562867691999022,24.526499337012613,2.889892578125,2.3523297563904157
13.239256397877845,24.602295544047845,2.889892578125,2.253965651480171,24.52696285578332,2.889892578125,2.353017464071349
13.255552873010643,24.592071688746337,2.889892578125,2.25496913747356,24.512078925860887,2.889892578125,2.3537606604982915
13.27184934814344,24.59369711530804,2.889892578125,2.255663595311719,24.515769966273254,2.889892578125,2.3521713186834976
13.288145823276238,24.60134361959257,2.889892578125,2.254258714489374,24.529389329885003,2.889892578125,2.3508986690958142
13.304442298409036,24.591597281950815,2.889892578125,2.254738722716943,24.531808026826102,2.889892578125,2.3522114098659
13.320738773541834,24.597171950656218,2.889892578125,2.2552678760264975,24.530053499398733,2.889892578125,2.353183509208096
13.337035248674631,24.618975998064794,2.889892578125,2.2528710237971503,24.527199281465023,2.889892578125,2.353230661525883
13.353331723807429,24.624449563682624,2.889892578125,2.250770493377637,24.520845341269272,2.889892578125,2.3533501720183203
13.369628198940227,24.597744349675075,2.889892578125,2.253892158426798,24.536706082560844,2.889892578125,2.3522170153565085
13.385924674073024,24.592071688746337,2.889892578125,2.255795644088974,24.553300987811383,2.889892578125,2.3518080703429742
13.402221149205822,24.600841215018953,2.889892578125,2.2540268379926824,24.53664230984407,2.889892578125,2.353920284248606
13.41851762433862,24.59910535277698,2.889892578125,2.2534407689728697,24.520280719410994,2.889892578125,2.3554896685345335
13.434814099471417,24.59013517576134,2.889892578125,2.2553266932757854,24.541876338915966,2.889892578125,2.3538391905775415
13.451110574604215,24.5937406674073,2.889892578125,2.255180313170598,24.555719684752482,2.889892578125,2.353341746658594
13.467407049737012,24.596461118178993,2.889892578125,2.2545670970415745,24.543679084738944,2.889892578125,2.3552055655950674
13.48370352486981,24.594593044207123,2.889892578125,2.255369698136763,24.536622089226555,2.889892578125,2.3568966199924284
13.500000000002608,24.596243357682688,2.889892578125,2.2549732048030453,24.54485965771534,2.889892578125,2.357200210611897
13.516296475135405,24.599836405871716,2.889892578125,2.253411481739927,24.547409010954222,2.889892578125,2.357164459306046
13.532592950268203,24.589211249084162,2.889892578125,2.2547725056632304,24.55481908955705,2.889892578125,2.356651953047984
13.548889425401,24.586061499048323,2.889892578125,2.2565534011307724,24.559695369242164,2.889892578125,2.356924219141169
13.565185900533798,24.594944571865444,2.889892578125,2.255281551672285,24.546889496627326,2.889892578125,2.358699971008217
13.581482375666596,24.59769302041523,2.889892578125,2.2542585501875725,24.540687988778988,2.889892578125,2.359773762899782
13.597778850799394,24.58756249104071,2.889892578125,2.2557681887081524,24.55640251945161,2.889892578125,2.3589352596450146
13.614075325932191,24.59335803110665,2.889892578125,2.2554675912811804,24.5494855128297,2.889892578125,2.359916852116755
13.630371801064989,24.606544984590023,2.889892578125,2.253741864292193,44.98587257004173,2.889892578125,0.5608126558486811
13.646668276197786,24.60776910966568,2.889892578125,2.2538702833693494,39.62035348874713,2.889892578125,0.2021390610680799
13.662964751330584,24.60525708679759,2.889892578125,2.2545758596341456,41.23785045752102,2.889892578125,0.09601221435657112
13.679261226463382,24.60030614637089,2.889892578125,2.254522070378708,38.313131007701,2.889892578125,0.16252752385902255
13.69555770159618,24.598126985975725,2.889892578125,2.254611991411576,40.88663077475949,2.889892578125,0.1071303709852495
13.711854176728977,24.608427057450942,2.889892578125,2.2536442821240503,40.40478279199318,2.889892578125,0.12168484751164489
13.728150651861775,24.62021256659738,2.889892578125,2.2514128164504674,40.42016912648923,2.889892578125,0.11789623296004646
13.744447126994572,24.604961554695464,2.889892578125,2.252204367602539,40.89578604819699,2.889892578125,0.1105929097411225
13.76074360212737,24.593056277276055,2.889892578125,2.2541199900081565,39.23602487795457,2.889892578125,0.1288959878688449
13.777040077260168,24.602779283436064,2.889892578125,2.2525074999227015,40.7164136165265,2.889892578125,0.11308411186115501
13.793336552392965,24.612716939228147,2.889892578125,2.2497367258639547,40.075864894917494,2.889892578125,0.12064341503305995
13.809633027525763,24.60398629875844,2.889892578125,2.2506163755028714,40.489715607280516,2.889892578125,0.11442989570932169
13.82592950265856,24.59554341323028,2.889892578125,2.2516764849643973,40.67963075783639,2.889892578125,0.11257168238491704
13.842225977791358,24.59181037615077,2.889892578125,2.250519367508207,39.621187200361554,2.889892578125,0.11800686475616974
13.858522452924156,24.592659642086357,2.889892578125,2.249207669499519,40.653854136802366,2.889892578125,0.11089237960035081
13.874818928056953,24.60155360292829,2.889892578125,2.248322939638276,39.97664699107256,2.889892578125,0.11675485797244155
13.891115403189751,24.604180727773,2.889892578125,2.246938348905175,40.532875737648126,2.889892578125,0.11090010873137375
13.907411878322549,24.59122242281075,2.889892578125,2.247084478174472,40.54243231257167,2.889892578125,0.11043615641855953
13.923708353455346,24.584078323099835,2.889892578125,2.2475147576302636,39.853027468184564,2.889892578125,0.11256813495517443
13.940004828588144,24.591082433920267,2.889892578125,2.245286612359009,40.61872314701994,2.889892578125,0.10861245660511294
13.956301303720942,25.292134353995444,2.889892578125,2.1648740556239936,39.939945014852505,2.889892578125,0.11156189606496651
13.97259777885374,42.49643457628536,2.889892578125,0.2415946102648938,40.559638502643985,2.889892578125,0.10730482603406757
13.988894253986537,40.08257502906791,2.889892578125,0.12214726157483692,40.42926218264207,2.889892578125,0.10816406969128722
14.005190729119334,40.03705997447598,2.889892578125,0.1384777896166537,40.027780266469165,2.889892578125,0.10752510738653656
14.021487204252132,40.09536690279371,2.889892578125,0.12530672132442927,40.58244424833556,2.889892578125,0.10488678863184761
14.03778367938493,40.47619890218845,2.889892578125,0.08546205583250768,39.94300610525771,2.889892578125,0.10710020795382812
14.054080154517727,40.33794276308454,2.889892578125,0.10529950007859218,40.57646827814411,2.889892578125,0.10338729759985801
14.070376629650525,40.025667989655005,2.889892578125,0.1303241215018264,40.328180871121624,2.889892578125,0.10381185657641881
14.086673104783323,40.51636015943552,2.889892578125,0.08302014451367198,40.15256014171604,2.889892578125,0.10317311963784671
14.10296957991612,40.053059149225916,2.889892578125,0.12999204114721752,40.52880983809569,2.889892578125,0.10183963486798885
14.119266055048918,40.394037866932656,2.889892578125,0.09558971551145362,39.96507457612608,2.889892578125,0.10195698406859574
14.135562530181716,40.243341381761276,2.889892578125,0.11182717009530169,40.56875022398222,2.889892578125,0.09942801712031729
14.151859005314513,40.282827581469796,2.889892578125,0.10625578150061103,40.24577407759142,2.889892578125,0.10079355184835775
14.16815548044731,40.34814639776854,2.889892578125,0.10235473059023806,40.251451404816514,2.889892578125,0.09845572193498875
14.184451955580109,40.22459220302943,2.889892578125,0.11009827768916662,40.46613525639494,2.889892578125,0.09736747836092315
14.200748430712906,40.37203472421317,2.889892578125,0.1009790297304118,40.00217785383219,2.889892578125,0.09827114304064367
14.217044905845704,40.2345189707967,2.889892578125,0.11142766466321301,40.553883403813074,2.889892578125,0.0959839190141586
14.233341380978501,40.366827137487256,2.889892578125,0.10230766935966605,40.187022295688394,2.889892578125,0.0959741566759372
14.249637856111299,40.27067032404753,2.889892578125,0.10822211162518458,40.323411916252546,2.889892578125,0.0944065594965936
14.265934331244097,40.31494103294629,2.889892578125,0.1065240961278137,40.40787810190494,2.889892578125,0.09405931885245984
14.282230806376894,40.332097449190876,2.889892578125,0.10478645804994523,40.052496082799756,2.889892578125,0.0930312901978742
14.298527281509692,40.24045449975312,2.889892578125,0.1111976466940318,40.52407821359741,2.889892578125,0.09177571982943442
14.31482375664249,40.394037866932656,2.889892578125,0.1004464571269532,40.145034961136595,2.889892578125,0.0925864132284487
14.331120231775287,40.16022531118597,2.889892578125,0.11567456553660203,40.37452963732798,2.889892578125,0.08980812299201417
14.347416706908085,40.451081784371816,2.889892578125,0.09666782596927995,40.34674961972795,2.889892578125,0.08959946645803792
14.363713182040883,40.10551143105727,2.889892578125,0.11824996972889434,40.104758601912906,2.889892578125,0.08980797693667009
14.38000965717368,40.488608139613596,2.889892578125,0.09583588119958383,40.49381883720375,2.889892578125,0.08794133862099598
14.396306132306478,40.123486004595115,2.889892578125,0.11766650136990384,40.12089465468909,2.889892578125,0.08697304668673381
14.412602607439275,40.474799013283636,2.889892578125,0.09619704054513821,40.400250262805805,2.889892578125,0.08562956851789921
14.428899082572073,40.18770979668387,2.889892578125,0.11247574186858948,40.29141667761691,2.889892578125,0.08665193759297606
14.44519555770487,40.39036082540934,2.889892578125,0.10058016946487,40.158134810421444,2.889892578125,0.08527666888304748
14.461492032837668,40.288125383258475,2.889892578125,0.10562297070239889,40.456046723687564,2.889892578125,0.08395674328557046
14.477788507970466,40.25428851299694,2.889892578125,0.10731672767582619,40.12120885197662,2.889892578125,0.08430367910682335
14.494084983103264,40.38393377990411,2.889892578125,0.1000974983115995,40.43798193508696,2.889892578125,0.08225266467555316
14.510381458236061,40.16532712852797,2.889892578125,0.11321598070490849,40.26451392373057,2.889892578125,0.08146082998803403
14.526677933368859,40.46100855213908,2.889892578125,0.09890225386970375,40.22005034124936,2.889892578125,0.08099780644672389
14.542974408501657,40.155518573601555,2.889892578125,0.11425681974146017,40.43241659897426,2.889892578125,0.08130163678293584
14.559270883634454,40.44301842428007,2.889892578125,0.09780862700787936,40.14909152809633,2.889892578125,0.08022263738635718
14.575567358767252,40.22217817238468,2.889892578125,0.10856869333266275,40.46754447789245,2.889892578125,0.07794311436003905
14.59186383390005,40.3507315259461,2.889892578125,0.10466728806428433,40.25403031126561,2.889892578125,0.07818783521271014
14.608160309032847,40.34140515497579,2.889892578125,0.1056344359676246,40.29490395642202,2.889892578125,0.07728226463702313
14.624456784165645,40.21154834930078,2.889892578125,0.10888325347483391,40.41768665683136,2.889892578125,0.07622194676211635
14.640753259298442,40.3573265581199,2.889892578125,0.08829144420995845,40.18068857611016,2.889892578125,0.07537728980159637
14.65704973443124,39.3667900559856,2.889892578125,0.012259734678431375,40.47751168689475,2.889892578125,0.07434229006746419
14.673346209564038,38.528166386937755,2.889892578125,0.1733364932074082,40.241490417542686,2.889892578125,0.07401977679053731
14.689642684696835,37.15787735529753,2.889892578125,0.3178865682335225,40.34308191079734,2.889892578125,0.07261546089341137
14.705939159829633,36.199093444388694,2.889892578125,0.4726928036135196,40.3875890453778,2.889892578125,0.07289686395230945
14.72223563496243,35.03877841587825,2.889892578125,0.6241746645398046,40.218043833819124,2.889892578125,0.07226636063814433
14.738532110095228,33.93294706354325,2.889892578125,0.7581864981559538,40.48233974818425,2.889892578125,0.07010841473033383
14.754828585228026,33.300974994624426,2.889892578125,0.871496946520741,40.237178759715846,2.889892578125,0.06944035594625084
14.771125060360824,32.341824001736114,2.889892578125,0.9607631789681215,40.3812397714784,2.889892578125,0.06869176187744215
14.787421535493621,31.951463425195907,2.889892578125,1.062695178376507,40.35393260524178,2.889892578125,0.06825717216189091
14.803718010626419,29.78896170799885,2.889892578125,1.3523903496755454,40.23530601944763,2.889892578125,0.06714215447694462
14.820014485759216,25.120853280194794,2.889892578125,2.02618015016736,40.45068359375,2.889892578125,0.06678264500350006
14.836310960892014,23.44685212892616,2.889892578125,2.1740445699556217,40.22556901439857,2.889892578125,0.06729242685832564
14.852607436024812,24.286941015027715,2.889892578125,2.0671153819147463,40.415729923228845,2.889892578125,0.06654762205640191
14.86890391115761,24.36561943777475,2.889892578125,2.0880993118162983,40.34627987922878,2.889892578125,0.06517061207580863
14.885200386290407,23.921697556304153,2.889892578125,2.1215058924289902,40.286691274847094,2.889892578125,0.06261424093338727
14.901496861423205,23.832583739487767,2.889892578125,2.163588741885863,40.44469518010162,2.889892578125,0.06276729027108369
14.917793336556002,23.5617456776408,2.889892578125,2.1714614613169503,40.243126732129205,2.889892578125,0.0643247664305608
14.9340898116888,23.69116851775532,2.889892578125,2.159839855236349,40.445174253193485,2.889892578125,0.06217171732448416
14.950386286821598,23.81955232921604,2.889892578125,2.154387521387905,40.32813731902236,2.889892578125,0.06053735406661531
14.966682761954395,23.800778263570336,2.889892578125,2.127876400370202,40.273718970995795,2.889892578125,0.05184400308168512
14.982979237087193,24.861369872798004,2.889892578125,2.0071286479814745,39.90409230456804,2.889892578125,0.01774174932310283
14.99927571221999,25.393990270709892,2.889892578125,1.9110785628491096,38.4067991297544,2.889892578125,0.12472005778962887
15.015572187352788,25.730162703176763,2.889892578125,1.8909610440563882,36.61235931427593,2.889892578125,0.14272466086259356
15.031868662485586,25.681281693484802,2.889892578125,1.8887615427035367,34.38011824270515,2.889892578125,0.14465556651998038
15.048165137618383,25.727162274624106,2.889892578125,1.8746958012649622,32.333754419915905,2.889892578125,0.1420353625657636
15.064461612751181,25.928324754814124,2.889892578125,1.8705107490214168,30.35931999992036,2.889892578125,0.14195385346271366
15.080758087883979,25.913456379212857,2.889892578125,1.8427115814244999,28.293695261232955,2.889892578125,0.12324455377792266
15.097054563016776,26.150975529693074,2.889892578125,1.8412171595786648,26.79539572183996,2.889892578125,0.0932766173797189
15.113351038149574,25.970151879857923,2.889892578125,1.8423904185124893,25.238585492521977,2.889892578125,0.07631198417398528
15.129647513282372,25.887402891262102,2.889892578125,1.868954897137506,23.795632894129078,2.889892578125,0.10864131135499726
15.14594398841517,25.48225015529434,2.889892578125,1.9249940997802566,21.01419518458126,2.889892578125,0.32743650883513087
15.162240463547967,25.273800475638698,2.889892578125,1.9392105745903787,15.739674326112146,2.889892578125,0.6136906130861856
15.178536938680764,25.25008946845534,2.889892578125,1.9623103866154146,10.427024382456118,2.889892578125,0.44126551265301645
15.194833413813562,25.136224060369678,2.889892578125,1.9620415712863544,8.191925593229366,2.889892578125,0.12232129565647085
15.21112988894636,25.109683722166473,2.889892578125,1.9781625391457673,8.473976765203913,2.889892578125,0.08924117991587247
15.227426364079157,25.06967023097047,2.889892578125,1.9814528711123651,8.574194423041698,2.889892578125,0.009595266715414818
15.243722839211955,24.93186516718033,2.889892578125,1.988284243336433,7.945786237959711,2.889892578125,0.023432155245938092
15.260019314344753,25.11457400074063,2.889892578125,1.9836707690029984,7.623134788023222,2.889892578125,0.012852343957036882
15.27631578947755,25.085977381279466,2.889892578125,1.9679748774931454,7.368301733796628,2.889892578125,0.05047506768629274
15.292612264610348,25.30896879579192,2.889892578125,1.953942253048094,7.45499024308542,2.889892578125,0.056695258225965425
15.308908739743146,25.420014205450432,2.889892578125,1.9202975341127357,7.757120099393356,2.889892578125,0.06768391409460693
15.325205214875943,25.281915164990284,2.889892578125,1.8688336902054237,8.452784002617108,2.889892578125,0.165648687065936
15.34150169000874,24.43260412187022,2.889892578125,1.7695884177882713,9.868576811966424,2.889892578125,0.20786883397174305
15.357798165141539,23.18136164269559,2.889892578125,1.6532452810485372,10.904167960786186,2.889892578125,0.09882321790627378
15.374094640274336,22.20931456212968,2.889892578125,1.534407168883863,11.311233878257198,2.889892578125,0.05447572274340555
15.390391115407134,21.125635673997355,2.889892578125,1.4037738945738971,11.499467606695177,2.889892578125,0.062058479216427154
15.406687590539931,20.208476681957187,2.889892578125,1.2696149063039772,11.521102889719115,2.889892578125,0.06375898210275957
15.422984065672729,19.436907691450052,2.889892578125,1.128207623662692,11.855103938951405,2.889892578125,0.06503088691736454
15.439280540805527,18.663567063762265,2.889892578125,1.0032826038719487,11.96622634249968,2.889892578125,0.06695394233671256
15.455577015938324,18.281591821761914,2.889892578125,0.8883317345746928,12.03723104090015,2.889892578125,0.035927322354418215
15.471873491071122,17.848263988436543,2.889892578125,0.7591800311897802,11.906174219347285,2.889892578125,0.027974782804378442
15.48816996620392,17.075841065697468,2.889892578125,0.6089460032237769,11.338540266777763,2.889892578125,0.024270972076900165
15.504466441336717,14.901329079413147,2.889892578125,0.35611684431682306,10.921704680183247,2.889892578125,0.030377359223739124
15.520762916469515,11.6887450300833,2.889892578125,0.016103124093071467,10.551199194609694,2.889892578125,0.021233669269900796
15.537059391602313,9.189356937077918,2.889892578125,0.26475176403171685,10.350231921150293,2.889892578125,0.025450193694299728
15.55335586673511,8.926712113904419,2.889892578125,0.2010064136908947,10.328754514486175,2.889892578125,0.030616809340112582
15.569652341867908,9.090151476689922,2.889892578125,0.12348846262727936,10.090568083627993,2.889892578125,0.027006626752814233
15.585948817000705,8.877210486797988,2.889892578125,0.15456010644380896,10.09321231822598,2.889892578125,0.031005677554080853
15.602245292133503,8.649849474612362,2.889892578125,0.21673808748858503,10.040169749906426,2.889892578125,0.03682308114657896
15.6185417672663,8.771918231680246,2.889892578125,0.2776721400888747,10.136723198535853,2.889892578125,0.05832957438029006
15.634838242399098,9.014948667007118,2.889892578125,0.3164515887542514,10.430968958303469,2.889892578125,0.05400464341049415
15.651134717531896,9.337121821567795,2.889892578125,0.3383601902869625,10.638282394798036,2.889892578125,0.07518635200481479
15.667431192664694,9.735931505364622,2.889892578125,0.3548915295372588,11.008108934252755,2.889892578125,0.05360293877713994
15.683727667797491,10.246194510892504,2.889892578125,0.29026722495057966,11.055131980281601,2.889892578125,0.027203407368244142
15.700024142930289,11.292038290507932,2.889892578125,0.161635363845441,10.8533994342209,2.889892578125,0.002137143783992257
15.716320618063087,11.327656130542813,2.889892578125,0.10201818261528495,10.669519360276901,2.889892578125,0.016082438233572794
15.732617093195884,11.3505194272227,2.889892578125,0.08783225786344814,10.461883949334226,2.889892578125,0.02388477238267437
15.748913568328682,11.382644544440064,2.889892578125,0.06557152209556799,10.471137214995062,2.889892578125,0.03803269174357355
15.76521004346148,11.29153355278614,2.889892578125,0.03772845718228756,10.621811146400756,2.889892578125,0.04984002021281565
15.781506518594277,11.3019463930898,2.889892578125,0.024617904722130164,10.720821400058135,2.889892578125,0.0529838662960594
15.797802993727075,11.105013910540503,2.889892578125,0.05178584067308637,11.167864256070416,2.889892578125,0.06881706720093557
15.814099468859872,11.072425274552433,2.889892578125,0.06800810778491062,11.457483383007613,2.889892578125,0.0833604393143011
15.83039594399267,11.050273588065828,2.889892578125,0.015706345414333318,11.940440388872961,2.889892578125,0.057944432625011366
15.846692419125468,10.668098473038512,2.889892578125,0.0429641434697146,11.903082798015816,2.889892578125,0.013650389159284118
15.862988894258265,10.639285648513155,2.889892578125,0.07639165739397413,11.480224578266357,2.889892578125,0.030831572105079228
15.879285369391063,10.40249599569556,2.889892578125,0.08919722048495836,10.903681888249793,2.889892578125,0.051882188005242046
15.89558184452386,10.468852285215977,2.889892578125,0.10102413240163004,10.156185542893095,2.889892578125,0.03923921572580566
15.911878319656658,10.551979243816099,2.889892578125,0.1327946581260458,9.666177374385791,2.889892578125,0.03683781005495164
15.928174794789456,10.601828510000557,2.889892578125,0.16113748283127058,9.422540320533496,2.889892578125,0.025815871012349403
15.944471269922253,10.671686077215135,2.889892578125,0.16789882271459589,9.496867421934727,2.889892578125,0.06675235619560885
15.960767745055051,10.51519094111358,2.889892578125,0.1549508834191271,9.914577161378695,2.889892578125,0.07885783332492581
15.977064220187849,10.690653794159338,2.889892578125,0.14400996534782146,10.386962672864502,2.889892578125,0.08698270774598736
15.993360695320646,10.754986466496241,2.889892578125,0.12071670905677731,10.919040224967747,2.889892578125,0.0791766846523154
16.009657170453423,10.877675840978593,2.889892578125,0.09116132554745791,11.403914300916634,2.889892578125,0.07432749226093252
16.025953645586185,11.086058637053231,2.889892578125,0.07473618546447024,11.627243244198363,2.889892578125,0.049930641662560865
16.042250120718947,11.067508553632294,2.889892578125,0.09687669193982447,11.775143840140402,2.889892578125,0.027860225122917266
16.05854659585171,11.09400456202018,2.889892578125,0.13681584910736758,11.585717095269096,2.889892578125,0.022429006446743054
16.07484307098447,11.276707173852017,2.889892578125,0.19056552974132698,11.409842830428532,2.889892578125,0.014458010531467695
16.091139546117233,11.665579201856762,2.889892578125,0.2638446293531496,11.305056479606666,2.889892578125,0.03582319140503355
16.107436021249995,12.22599983798619,2.889892578125,0.32801905461833636,11.064611561315383,2.889892578125,0.005205704073509344
16.123732496382758,12.828116942861636,2.889892578125,0.3937069290161486,10.830847223964305,2.889892578125,0.028853798495043218
16.14002897151552,13.537854395875144,2.889892578125,0.45842481299664195,10.416605320423994,2.889892578125,0.014403796568471475
16.15632544664828,14.44410903106285,2.889892578125,0.5332430868346434,10.222233079138395,2.889892578125,0.024913481883626704
16.172621921781044,15.485757810260177,2.889892578125,0.6140585322503767,10.273810430404243,2.889892578125,0.044158483949869445
16.188918396913806,16.708001590771534,2.889892578125,0.733215700973873,10.325782861427673,2.889892578125,0.03584549452915823
16.205214872046568,17.59153991761436,2.889892578125,0.9035067043572886,10.498479378454302,2.889892578125,0.03867992426944864
16.22151134717933,18.56235042964768,2.889892578125,1.115345952631127,10.481416288136707,2.889892578125,0.025781586394939746
16.237807822312092,19.556940387877482,2.889892578125,1.3410619596074829,10.570727644831884,2.889892578125,0.04207382603304744
16.254104297444854,20.336927376998915,2.889892578125,1.5507037895646978,10.770279475065303,2.889892578125,0.05890167949382427
16.270400772577617,21.227874227012453,2.889892578125,1.7187993598656246,11.012783007762726,2.889892578125,0.05456833125089503
16.28669724771038,21.9177550336272,2.889892578125,1.8379458878070927,11.212993563497466,2.889892578125,0.04537434739351344
16.30299372284314,22.860388892870795,2.889892578125,1.9223970855199823,11.164803943381276,2.889892578125,0.013326236610317335
16.319290197975903,23.80900338860219,2.889892578125,1.9934983106314872,11.091724298537446,2.889892578125,0.05318447704105256
16.335586673108665,24.97172311516469,2.889892578125,2.0777034290764904,11.08553990044239,2.889892578125,0.020634604942979137
16.351883148241427,26.195453111063326,2.889892578125,2.166241648444387,10.977576579522648,2.889892578125,0.04698983061997801
16.36817962337419,26.92644087765195,2.889892578125,2.2111954843468182,11.032073476871098,2.889892578125,0.03411374826828505
16.38447609850695,27.036982327304727,2.889892578125,2.1830235535829456,11.09670090359407,2.889892578125,0.056059299907886065
16.400772573639713,26.624673048169118,2.889892578125,2.137089013474493,11.352312840452981,2.889892578125,0.06419899772736457
16.417069048772476,26.559362009030963,2.889892578125,2.1636821569359386,11.834910541499426,2.889892578125,0.08278625400861277
16.433365523905238,26.50007204761563,2.889892578125,2.169911900168347,12.552252502130319,2.889892578125,0.12093022097046939
16.449661999038,26.2903764668347,2.889892578125,2.1658953629535707,13.561600400281122,2.889892578125,0.12279774126528825
16.465958474170762,26.088145404780676,2.889892578125,2.153118787737952,14.631206516339752,2.889892578125,0.14103222769724247
16.482254949303524,25.615483804094193,2.889892578125,2.1465760464540846,15.828393063170951,2.889892578125,0.1468607867226622
16.498551424436286,25.15822875852128,2.889892578125,2.1320439462590914,17.25209641140657,2.889892578125,0.17338183001545399
16.514847899569048,24.640663388064635,2.889892578125,2.0734647572224443,18.90698285739599,2.889892578125,0.20780826116586096
16.53114437470181,24.043915634855217,2.889892578125,1.981974259552943,20.96794441059824,2.889892578125,0.23607470782927528
16.547440849834572,23.92789439785614,2.889892578125,1.9464991555354472,23.28209609285407,2.889892578125,0.26572471288211946
16.563737324967335,24.009786343355792,2.889892578125,1.9513255346846547,25.891803208719576,2.889892578125,0.2875190995092675
16.580033800100097,24.07418123297735,2.889892578125,1.9542480722290754,28.62805872614838,2.889892578125,0.28607908425035977
16.59633027523286,24.080595835025644,2.889892578125,1.9438869414931728,31.121649723655707,2.889892578125,0.24203082815475968
16.61262675036562,24.131638895359487,2.889892578125,1.9201172814852,33.2584090393253,2.889892578125,0.20464036708967215
16.628923225498383,24.328895685505064,2.889892578125,1.8974363673825985,35.01324755311863,2.889892578125,0.1737522315701075
16.645219700631145,24.4147166525309,2.889892578125,1.8984922574654384,36.595398882478015,2.889892578125,0.16938684549106342
16.661516175763907,24.5243248429138,2.889892578125,1.9293663908198158,38.31053032520228,2.889892578125,0.19354923600960358
16.67781265089667,24.707634073271056,2.889892578125,1.9578406185368404,40.12188390951516,2.889892578125,0.20054679217424295
16.69410912602943,24.88961185373662,2.889892578125,1.9902919818680829,41.72363368354198,2.889892578125,0.14603450525409406
16.710405601162194,25.01505434306511,2.889892578125,2.009205108026806,42.41491748992578,2.889892578125,0.025023155464400988
16.726702076294956,25.026405886651055,2.889892578125,2.013038307675095,42.174581451882645,2.889892578125,0.04872159383421721
16.742998551427718,25.191487008035487,2.889892578125,2.0130311729356376,41.909769134054855,2.889892578125,0.017059582442118196
16.75929502656048,25.43214190966249,2.889892578125,2.006001302612671,41.770641952965725,2.889892578125,0.03146934359046769
16.775591501693242,25.725953703869614,2.889892578125,1.9763129925311926,41.78123755654307,2.889892578125,0.021666319798271882
16.791887976826004,26.159695282137964,2.889892578125,1.9060312553721257,41.4918431895467,2.889892578125,0.017260504837859916
16.808184451958766,26.549640558303068,2.889892578125,1.8145095683740051,41.14375614706772,2.889892578125,0.03196280875936596
16.82448092709153,26.940078906449095,2.889892578125,1.7067844629183875,40.65429276865921,2.889892578125,0.03657089077359
16.84077740222429,27.348210294919884,2.889892578125,1.5810816689301368,39.923544538616525,2.889892578125,0.0643170245756337
16.857073877357053,27.9589227176709,2.889892578125,1.4568383165089895,39.01021968674343,2.889892578125,0.09155538807437451
16.873370352489815,28.968741911752993,2.889892578125,1.3184390304293532,38.06186028187914,2.889892578125,0.054026127800683214
16.889666827622577,30.23057066191227,2.889892578125,1.1742332960023543,37.707766160566386,2.889892578125,0.020975287418783895
16.90596330275534,31.7272385530151,2.889892578125,1.0018117038798373,37.72742371165424,2.889892578125,0.029625183103535443
16.9222597778881,33.29819388200019,2.889892578125,0.8032425954006299,37.77263701241558,2.889892578125,0.024560264530518246
16.938556253020863,34.71099909511181,2.889892578125,0.6008487008890259,37.749218426470115,2.889892578125,0.008259052043546544
16.954852728153625,35.77083009803453,2.889892578125,0.42939324503668114,37.64926946953045,2.889892578125,0.02082454077298766
16.971149203286387,36.59051793649656,2.889892578125,0.2878000533114242,37.70139822148158,2.889892578125,0.025418038141820795
16.98744567841915,37.32310779816513,2.889892578125,0.17001216482176995,37.85754805165329,2.889892578125,0.04335100508356843
17.00374215355191,38.171742228314535,2.889892578125,0.04656267542378765,38.15964718817692,2.889892578125,0.05429644492362493
17.020038628684674,39.201298300522424,2.889892578125,0.08583797628948406,38.5890926629396,2.889892578125,0.05702277413446365
17.036335103817436,40.22567167291826,2.889892578125,0.18244074047777584,38.931723249554025,2.889892578125,0.05020597541692088
17.052631578950198,40.66679533201134,2.889892578125,0.19774556559316375,39.1991611367944,2.889892578125,0.02768073102409886
17.06892805408296,40.51903861354007,2.889892578125,0.1434701189932637,39.31590876059187,2.889892578125,0.03195989859376819
17.085224529215722,40.432074403908636,2.889892578125,0.1137907607459357,39.454373327599384,2.889892578125,0.03661623142487178
17.101521004348484,40.452994965875064,2.889892578125,0.1215612711050323,39.64004837020578,2.889892578125,0.029736515594103216
17.117817479481246,40.358402917144495,2.889892578125,0.1252140995227427,39.65584533878058,2.889892578125,0.022467135261299762
17.13411395461401,40.117127398103015,2.889892578125,0.1195323235756828,39.59451465042845,2.889892578125,0.004664290289881337
17.15041042974677,39.85420959659308,2.889892578125,0.10406469003380693,39.29714091667463,2.889892578125,0.030960685026427723
17.166706904879533,39.52023032341042,2.889892578125,0.08252807636949971,38.910065412764396,2.889892578125,0.03022428185874746
17.183003380012295,39.09478230918705,2.889892578125,0.049215891831851113,38.50172404095789,2.889892578125,0.029718439502857352
17.199299855145057,38.52930185238277,2.889892578125,0.013548506020073882,38.19612518217221,2.889892578125,0.014079713482635857
17.21559633027782,37.93096444755033,2.889892578125,0.06941853501631086,38.224956671882964,2.889892578125,0.027731194958209533
17.23189280541058,37.77807480309474,2.889892578125,0.08681640453906424,38.33657448056033,2.889892578125,0.041795788272074766
17.248189280543343,37.847618173021786,2.889892578125,0.07940532721449282,38.57528975833811,2.889892578125,0.029930642785635182
17.264485755676105,37.89933318002994,2.889892578125,0.07869035723901267,38.644469157149906,2.889892578125,0.024357587310824633
17.280782230808867,37.875111991112384,2.889892578125,0.08322507474667816,38.59481976399242,2.889892578125,0.006873771615373394
17.29707870594163,37.843916244584605,2.889892578125,0.09346421059318272,38.44045556989042,2.889892578125,0.02267606871451187
17.31337518107439,37.96287258198745,2.889892578125,0.10423108984611135,38.22750758055396,2.889892578125,0.01743027187588369
17.329671656207154,38.126563147059755,2.889892578125,0.10572970638348554,38.11619774743565,2.889892578125,0.012417674541927815
17.345968131339916,38.34209004284531,2.889892578125,0.08866074472113702,38.04173299029211,2.889892578125,0.02204082065503816
17.362264606472678,38.55812712036506,2.889892578125,0.05895533354819034,38.152436204885,2.889892578125,0.032296630859630145
17.37856108160544,38.70693842181129,2.889892578125,0.02879545492884467,38.41105168116081,2.889892578125,0.04977447377654489
17.394857556738202,38.835081141293955,2.889892578125,0.015047379719912308,38.73189999641628,2.889892578125,0.04276717671469262
17.411154031870964,38.84911736071292,2.889892578125,0.016866216601236425,38.990070619106774,2.889892578125,0.031751079656773366
17.427450507003726,38.94733978800331,2.889892578125,0.010307913938868951,39.09323620966329,2.889892578125,0.016447749676106693
17.44374698213649,38.980377166156984,2.889892578125,0.03226455262531736,39.07840671986493,2.889892578125,0.010692631311542796
17.46004345726925,38.893593386651055,2.889892578125,0.04663235585718601,38.955185387598746,2.889892578125,0.009903248172085917
17.476339932402013,38.73218619592571,2.889892578125,0.05753187616399643,38.79394929440622,2.889892578125,0.003943247044136663
17.492636407534775,38.45172000927784,2.889892578125,0.05252458799433556,38.6257137566896,2.889892578125,0.0065786619393575765
17.508932882667537,38.13022774512614,2.889892578125,0.04584602694482344,38.4678342860044,2.889892578125,0.0055208500139322944
17.5252293578003,37.67495276463749,2.889892578125,0.04318252383900837,38.29498844749458,2.889892578125,0.006115955420649529
17.54152583293306,37.277095005295934,2.889892578125,0.06115651085357664,38.150090613253376,2.889892578125,0.011043649449247123
17.557822308065823,36.98286946614583,2.889892578125,0.10292954512585786,38.021770574509425,2.889892578125,0.004895859654895911
17.574118783198585,36.71316686974388,2.889892578125,0.16564941187092605,37.977269661657424,2.889892578125,0.012422171779403031
17.590415258331348,36.38684343343846,2.889892578125,0.2421797416357891,37.98572187977829,2.889892578125,0.015908100915885695
17.60671173346411,35.87952369433295,2.889892578125,0.32478954432163565,38.0120740106954,2.889892578125,0.015517934826708607
17.623008208596872,35.17295621197279,2.889892578125,0.41141088862338554,38.053327181288225,2.889892578125,0.01773902211768956
17.639304683729634,34.344113100073265,2.889892578125,0.5018481898410512,38.12134311687691,2.889892578125,0.022795457021074085
17.655601158862396,33.40549070025803,2.889892578125,0.5991488896235565,38.280015857941514,2.889892578125,0.029502156186381842
17.671897633995158,32.488295933279176,2.889892578125,0.7104099451959724,38.43533819822726,2.889892578125,0.023557642852543872
17.68819410912792,31.496577302736366,2.889892578125,0.8364625374679159,38.51576959296955,2.889892578125,0.015576308379042688
17.704490584260682,30.491659275253248,2.889892578125,0.9871834214021403,38.51800008262455,2.889892578125,0.012665611648473999
17.720787059393444,29.48952080496225,2.889892578125,1.168432182486269,38.46691969191991,2.889892578125,0.00597693931378493
17.737083534526207,28.40021125256833,2.889892578125,1.3621781851348338,38.447560783798416,2.889892578125,0.015206513996538376
17.75338000965897,27.315529110720885,2.889892578125,1.5475533307640774,38.44223809509588,2.889892578125,0.010098709616847591
17.76967648479173,26.175873331581293,2.889892578125,1.7114232799454077,38.403258966257326,2.889892578125,0.01443949028824287
17.785972959924493,25.196907688961357,2.889892578125,1.8385867231941484,38.306999494297905,2.889892578125,0.01185952288005873
17.802269435057255,24.46224288084942,2.889892578125,1.9173659382291939,38.101719785295614,2.889892578125,0.014048587857080477
17.818565910190017,23.885488652065014,2.889892578125,1.9677220050645767,37.88408994528861,2.889892578125,0.01765392768252225
17.83486238532278,23.45254967676876,2.889892578125,2.0091405723029663,37.6369722232177,2.889892578125,0.014655057587868132
17.85115886045554,22.950873045381783,2.889892578125,2.050247659060848,37.32773676414373,2.889892578125,0.028795532049520754
17.867455335588303,22.549490676864327,2.889892578125,2.084940931592443,36.93562477104039,2.889892578125,0.037061441582867935
17.883751810721066,22.36517974822407,2.889892578125,2.0814968329010175,36.39332958536411,2.889892578125,0.04634010271031686
17.900048285853828,22.556695438427784,2.889892578125,2.0351491711279492,35.81042828885544,2.889892578125,0.05387899163430232
17.91634476098659,22.9723504520459,2.889892578125,1.9732329699431999,35.07978582819668,2.889892578125,0.06663044882775389
17.932641236119352,23.29650561598098,2.889892578125,1.930241698578206,34.21694719195973,2.889892578125,0.0840817981042755
17.948937711252114,23.635829353915806,2.889892578125,1.889936796147639,33.17659953172783,2.889892578125,0.10241418509890599
17.965234186384876,23.97978361326134,2.889892578125,1.8435395208777658,31.911921229931192,2.889892578125,0.12086054265021587
17.98153066151764,24.333258672591743,2.889892578125,1.8046128867045022,30.53918394813965,2.889892578125,0.1340820456062147
17.9978271366504,24.760895179802976,2.889892578125,1.772592901021526,28.988604779880223,2.889892578125,0.14514690288019605
18.014123611783162,25.132761668478434,2.889892578125,1.7409438234581753,27.370932047277172,2.889892578125,0.15610311350908657
18.030420086915925,25.482867661844576,2.889892578125,1.7032098099028086,25.61666437707059,2.889892578125,0.17001506080654313
18.046716562048687,25.736558640039657,2.889892578125,1.6641063002109568,23.689900840580403,2.889892578125,0.18749345153075525
18.06301303718145,25.816839157866653,2.889892578125,1.646336104223228,21.63505835732432,2.889892578125,0.20616343383863198
18.07930951231421,25.745886566442085,2.889892578125,1.6580133046779626,19.385939291857795,2.889892578125,0.21718212608240062
18.095605987446973,25.597792319201545,2.889892578125,1.674611652227167,17.140761691374394,2.889892578125,0.21709562597541102
18.111902462579735,25.50652733976809,2.889892578125,1.685240701530453,14.930338666101235,2.889892578125,0.20659361711361365
18.128198937712497,25.334911848062404,2.889892578125,1.6890633828105586,12.922796095790726,2.889892578125,0.17867619879551078
18.14449541284526,25.108193618198904,2.889892578125,1.690731892536985,11.317720030182848,2.889892578125,0.13293418777702043
18.16079188797802,24.841634550104324,2.889892578125,1.6981293156815545,10.083486201201739,2.889892578125,0.09312717985936649
18.177088363110784,24.468246848818964,2.889892578125,1.7140588908912193,9.206397084771798,2.889892578125,0.07289488217754048
18.193384838243546,24.097924904235153,2.889892578125,1.7264850801429525,8.430775027027188,2.889892578125,0.06854534572364178
18.209681313376308,23.6867355362234,2.889892578125,1.7189799869334612,7.712974991637997,2.889892578125,0.06406995240279928
18.22597778850907,23.378411560369678,2.889892578125,1.688200340740008,7.233664696369695,2.889892578125,0.029048651832750474
18.242274263641832,23.14460522635146,2.889892578125,1.6377171024052304,7.176399129853944,2.889892578125,0.03615113499835012
18.258570738774594,22.842870060943074,2.889892578125,1.5796272596615086,7.688122686139184,2.889892578125,0.08314274726990943
18.274867213907356,22.479976860147488,2.889892578125,1.5145060496890839,8.403133831743556,2.889892578125,0.07920131487836518
18.29116368904012,21.993552796094544,2.889892578125,1.4358257311432605,9.087019614123424,2.889892578125,0.06945158315562776
18.30746016417288,21.45181445511595,2.889892578125,1.3450093462486858,9.752777612901973,2.889892578125,0.07268785183921794
18.323756639305643,20.846953567987065,2.889892578125,1.2413170937464137,10.387678171638075,2.889892578125,0.0729586005802855
18.340053114438405,20.228572864901885,2.889892578125,1.1240136834809185,11.060420449477572,2.889892578125,0.07064659497215446
18.356349589571167,19.652335039580148,2.889892578125,0.9922256162273229,11.689411532745206,2.889892578125,0.06883755367263042
18.37264606470393,18.985067105074542,2.889892578125,0.8559854914135925,12.303255040346665,2.889892578125,0.0678519490601322
18.38894253983669,18.17982145381387,2.889892578125,0.7244756820028193,12.891069946911236,2.889892578125,0.058331555975738476
18.405239014969453,17.20157442083174,2.889892578125,0.5943074511182976,13.243500533575432,2.889892578125,0.03203894366075481
18.421535490102215,16.113699754565253,2.889892578125,0.4575617482014826,13.332672679096186,2.889892578125,0.00864828788204961
18.437831965234977,15.03034984032556,2.889892578125,0.3144658481773772,13.157611127536473,2.889892578125,0.019611492626303125
18.45412844036774,13.93636465898955,2.889892578125,0.17365530198050838,12.934674153148094,2.889892578125,0.016082573285803824
18.4704249155005,12.910517514663368,2.889892578125,0.04317541299134977,12.754104816463988,2.889892578125,0.01398923114219668
18.486721390633264,12.010798805229038,2.889892578125,0.07975975494568796,12.519618758610871,2.889892578125,0.020586233552911226
18.503017865766026,11.280955836678135,2.889892578125,0.16354250269956971,12.257569665937977,2.889892578125,0.02837032347641638
18.519314340898788,10.719985355295536,2.889892578125,0.21869868892450603,11.865809978209018,2.889892578125,0.03934546121104283
18.53561081603155,10.218338277118772,2.889892578125,0.2572121630686683,11.419612499552034,2.889892578125,0.04255490338809104
18.551907291164312,9.774709983460156,2.889892578125,0.29668504156948833,11.032019036747021,2.889892578125,0.0292654509542128
18.568203766297074,9.417891522795419,2.889892578125,0.3429000201463461,10.789095537378152,2.889892578125,0.013922332379719859
18.584500241429836,9.259846398589808,2.889892578125,0.381090690921967,10.784864762021375,2.889892578125,0.016975144744706495
18.6007967165626,9.460158835128176,2.889892578125,0.3831489944347751,10.882694442702359,2.889892578125,0.01993992913379684
18.61709319169536,9.9296850735259,2.889892578125,0.34706519247802625,11.001244812322804,2.889892578125,0.019766377074325013
18.633389666828123,10.421071743746417,2.889892578125,0.30654927957426337,11.112546090564475,2.889892578125,0.01493866372846237
18.649686141960885,10.805667888863006,2.889892578125,0.2706040549580139,11.206450638299566,2.889892578125,0.022763781756930838
18.665982617093647,11.145221830751066,2.889892578125,0.22388739644864922,11.351049051858356,2.889892578125,0.02019751493818772
18.68227909222641,11.487822864155278,2.889892578125,0.176417930906748,11.545491287589194,2.889892578125,0.031204349038629276
18.69857556735917,11.819717858301876,2.889892578125,0.13355747448055982,11.835629151137232,2.889892578125,0.040951139772997025
18.714872042491933,12.175532287535438,2.889892578125,0.0942941511585579,12.172674958737497,2.889892578125,0.03711722019990617
18.731168517624695,12.504520956772426,2.889892578125,0.05166757069294848,12.392041438702535,2.889892578125,0.02441153326006646
18.747464992757457,12.740041376982989,2.889892578125,0.010937500808292751,12.468890673280612,2.889892578125,0.0033098293509614247
18.76376146789022,12.845149702252963,2.889892578125,0.011539517960178719,12.41763218559864,2.889892578125,0.013889241637344407
18.78005794302298,12.763854264969975,2.889892578125,0.014941825626804687,12.340627407808915,2.889892578125,0.009076371662522016
18.796354418155744,12.639819441706884,2.889892578125,0.02244544796282783,12.281170237441067,2.889892578125,0.010504076438325531
18.812650893288506,12.50819955372786,2.889892578125,0.02545082527866954,12.205006170710291,2.889892578125,0.014889375842216196
18.828947368421268,12.347522638381195,2.889892578125,0.029146500535054975,12.143990457361747,2.889892578125,0.0033715321890575817
18.84524384355403,12.22810200449159,2.889892578125,0.044933851755297516,12.047673434414023,2.889892578125,0.0156016386545214
18.861540318686792,12.114606789249649,2.889892578125,0.07615099982519996,11.902617723812993,2.889892578125,0.014198747492907966
18.877836793819554,11.984770981908209,2.889892578125,0.1176457623213042,11.721049021994059,2.889892578125,0.021101716855095758
18.894133268952316,11.839485067353943,2.889892578125,0.15968288609377812,11.5320329112015,2.889892578125,0.0160675038245045
18.91042974408508,11.729850434625064,2.889892578125,0.1936622489079909,11.44593274411076,2.889892578125,0.006080962993295266
18.92672621921784,11.765658815094211,2.889892578125,0.21566024005133716,11.48085141740929,2.889892578125,0.018772777588141245
18.943022694350603,11.922280718913258,2.889892578125,0.22589188730024437,11.623225563041538,2.889892578125,0.022787294714304025
18.959319169483365,12.14179963122571,2.889892578125,0.23758024708004088,11.827757886911872,2.889892578125,0.027020874888561437
18.975615644616127,12.394225265394049,2.889892578125,0.25824651722989417,12.01941278829001,2.889892578125,0.023621743879994182
18.99191211974889,12.686592840881037,2.889892578125,0.2869554165519876,12.181187060994839,2.889892578125,0.016845367307802145
19.00820859488165,13.076267471857877,2.889892578125,0.3249430344979203,12.252808488229485,2.889892578125,0.007705507440831417
19.024505070014413,13.564594607105313,2.889892578125,0.37391993039001536,12.26430546471832,2.889892578125,0.004103388725960979
19.040801545147175,14.18449418965222,2.889892578125,0.42762675020716123,12.281071467501672,2.889892578125,0.00800376248483371
19.057098020279938,14.914180059559362,2.889892578125,0.47885712134310765,12.314142287445845,2.889892578125,0.009588580362246418
19.0733944954127,15.631731225809919,2.889892578125,0.5341377456066275,12.355511337731349,2.889892578125,0.005535037850565689
19.089690970545462,16.309583875868057,2.889892578125,0.6069117855310942,12.3469136867076,2.889892578125,0.0021014098094398093
19.105987445678224,16.942688299367674,2.889892578125,0.6994793650534687,12.314012408864121,2.889892578125,0.0029285068114989665
19.122283920810986,17.613911697745444,2.889892578125,0.804753307193687,12.295110797784865,2.889892578125,0.003338552989839632
19.138580395943748,18.362354523545008,2.889892578125,0.9167218346631326,12.275009170827758,2.889892578125,0.007467221007809739
19.15487687107651,19.15388126353848,2.889892578125,1.0371041447151008,12.22924446938113,2.889892578125,0.005548105722255105
19.171173346209272,20.028939374482352,2.889892578125,1.166233919791364,12.142959983584591,2.889892578125,0.009442931319906419
19.187469821342034,20.903855941103625,2.889892578125,1.296784828244174,12.087378950050969,2.889892578125,0.006627646789401049
19.203766296474797,21.74004846975344,2.889892578125,1.4260893079362764,12.133006773471346,2.889892578125,0.01511775858636782
19.22006277160756,22.501978447434855,2.889892578125,1.552880336871753,12.262608488279259,2.889892578125,0.023183324857848454
19.23635924674032,23.184469396064284,2.889892578125,1.675777875292522,12.426394712426733,2.889892578125,0.018854602341153194
19.252655721873083,23.8561034285208,2.889892578125,1.7883687081426027,12.580974333876863,2.889892578125,0.021479123839282938
19.268952197005845,24.495102939741813,2.889892578125,1.8811468265222377,12.744664898949175,2.889892578125,0.02169048571136097
19.285248672138607,25.11944405869728,2.889892578125,1.950821539314656,12.957244250874028,2.889892578125,0.029391197412355984
19.30154514727137,25.686143974280867,2.889892578125,2.000153915250186,13.22831329439029,2.889892578125,0.03580494292399223
19.31784162240413,26.14103787390099,2.889892578125,2.032459730094003,13.591461586052974,2.889892578125,0.0443226454773096
19.334138097536893,26.475357786717154,2.889892578125,2.0473313331398955,14.056603450172416,2.889892578125,0.05697937256718128
19.350434572669656,26.63201157689459,2.889892578125,2.049356997762428,14.664774296845135,2.889892578125,0.07140768501924198
19.366731047802418,26.661368802660707,2.889892578125,2.047243587329633,15.448878514778844,2.889892578125,0.09169818161220392
19.38302752293518,26.6276190365977,2.889892578125,2.0418124540986198,16.407999954456947,2.889892578125,0.10703156759664327
19.399323998067942,26.5733111242514,2.889892578125,2.0307058453928337,17.496778326783097,2.889892578125,0.1155822064288218
19.415620473200704,26.479439240590754,2.889892578125,2.0065643579403893,18.656253421950655,2.889892578125,0.12029023694350152
19.431916948333466,26.234858428301795,2.889892578125,1.9672073144879954,19.889165133632773,2.889892578125,0.12846454186259085
19.44821342346623,25.861906248009046,2.889892578125,1.9181128828739926,21.227113620707506,2.889892578125,0.14119979446861
19.46450989859899,25.477283660546476,2.889892578125,1.869804953887728,22.699871409316067,2.889892578125,0.15410124527075694
19.480806373731753,25.16701850541141,2.889892578125,1.8286545586949952,24.310935110856267,2.889892578125,0.1672739311777807
19.497102848864515,24.882912607611015,2.889892578125,1.7891033001107786,26.06552786637519,2.889892578125,0.18095709892600764
19.513399323997277,24.57329606766851,2.889892578125,1.7562216676616218,27.941201679568042,2.889892578125,0.1901608206017326
19.52969579913004,24.32123207146725,2.889892578125,1.7347948469358092,29.85902148138857,2.889892578125,0.1878401551599907
19.5459922742628,24.15196528225742,2.889892578125,1.7160217590898639,31.730959146637677,2.889892578125,0.178327066847414
19.562288749395563,24.08990198537844,2.889892578125,1.6951514705759325,33.49907482897713,2.889892578125,0.16710685615244583
19.578585224528325,24.118890573732955,2.889892578125,1.6750516873629961,35.157899629085435,2.889892578125,0.1557797533556426
19.594881699661087,24.230676369078903,2.889892578125,1.668816636124527,36.6759236031473,2.889892578125,0.1398538821762204
19.61117817479385,24.46019748761627,2.889892578125,1.6794160925651642,38.01161671365316,2.889892578125,0.11999193613693769
19.62747464992661,24.74333279577599,2.889892578125,1.6934425667005943,39.140154264024275,2.889892578125,0.09891514121361104
19.643771125059374,25.031238614236905,2.889892578125,1.7001861403398713,40.03174350750191,2.889892578125,0.07624546548318302
19.660067600192136,25.329511387754046,2.889892578125,1.6981981709011513,40.67881260054313,2.889892578125,0.05086710381535391
19.676364075324898,25.668343609140067,2.889892578125,1.6898211581531013,41.05649640533416,2.889892578125,0.026130837957484488
19.69266055045766,26.073717216468367,2.889892578125,1.6730803908027452,41.212552909578875,2.889892578125,0.007988876525590412
19.708957025590422,26.546031955792877,2.889892578125,1.6441286509823354,41.21815868692661,2.889892578125,0.002115089717476826
19.725253500723184,27.090862495818996,2.889892578125,1.5966324431612668,41.13528215289723,2.889892578125,0.007673803548483295
19.741549975855946,27.681083655867734,2.889892578125,1.528810814251714,40.96504321861461,2.889892578125,0.01903614830554911
19.75784645098871,28.262482404951896,2.889892578125,1.4462273623290707,40.623000585340215,2.889892578125,0.03936030893193544
19.77414292612147,28.815426078897488,2.889892578125,1.3516182451612906,40.076642610975725,2.889892578125,0.05986029709209919
19.790439401254233,29.39248828324095,2.889892578125,1.2483521020164998,39.39238313602988,2.889892578125,0.0658208688976084
19.806735876386995,30.058605197980377,2.889892578125,1.1375356006687678,38.712506868788225,2.889892578125,0.05724036485233945
19.823032351519757,30.82164419876083,2.889892578125,1.0174551216291143,38.11191719825114,2.889892578125,0.05086871488746406
19.83932882665252,31.662977430555554,2.889892578125,0.887048922281053,37.55299444324987,2.889892578125,0.04901008768334091
19.85562530178528,32.586132613404686,2.889892578125,0.743768503531499,37.06168943321547,2.889892578125,0.040474811767896926
19.871921776918043,33.52758589967189,2.889892578125,0.5908307824031682,36.660873241988405,2.889892578125,0.029391483317322373
19.888218252050805,34.412465008999106,2.889892578125,0.43712841263990726,36.369556360896084,2.889892578125,0.021107848496231367
19.904514727183567,35.24561044613277,2.889892578125,0.2942296978946584,36.17274131347158,2.889892578125,0.01215744779711308
19.92081120231633,36.08070639514048,2.889892578125,0.1703791740455453,36.08693123447056,2.889892578125,0.0052522103915606634
19.93710767744909,36.92144545186672,2.889892578125,0.06820894870428061,36.19127584257135,2.889892578125,0.022706344591796688
19.953404152581854,37.692697134222094,2.889892578125,0.018830638898476505,36.4706625593304,2.889892578125,0.03875997094380011
19.969700627714616,38.33639405043482,2.889892578125,0.08563358768371769,36.841872655652715,2.889892578125,0.03819515297295921
19.985997102847378,38.842009035940684,2.889892578125,0.13967570645989064,37.18928152972891,2.889892578125,0.032678081622438584
20.00229357798014,39.196261811329315,2.889892578125,0.17674285851823696,37.48989678401344,2.889892578125,0.029811254483755337
20.018590053112902,39.39921770474962,2.889892578125,0.1962913594965261,37.782840647099576,2.889892578125,0.030246431712966357
20.034886528245664,39.475405880678196,2.889892578125,0.20100456460531682,38.061738958174054,2.889892578125,0.029223783094872648
20.051183003378426,39.489342552441705,2.889892578125,0.19639768005278435,38.31813016652332,2.889892578125,0.02440284953421067
20.06747947851119,39.47979531011085,2.889892578125,0.1856875224867681,38.50518643284913,2.889892578125,0.01648406311185511
20.08377595364395,39.427221704574414,2.889892578125,0.16960410664506329,38.59017213282843,2.889892578125,0.0052983725382284
20.100072428776713,39.26903736919438,2.889892578125,0.14443944311350904,38.567926342698776,2.889892578125,0.008711630189608782
20.116368903909475,38.96668314180364,2.889892578125,0.10860820137066304,38.4408413170553,2.889892578125,0.013609009184611609
20.132665379042237,38.56626825206263,2.889892578125,0.06685435903930106,38.28418441601363,2.889892578125,0.013970881318157801
20.148961854175,38.18112459484104,2.889892578125,0.02801616516399996,38.13614460889717,2.889892578125,0.010233278658024219
20.16525832930776,37.83927794601331,2.889892578125,0.004874947598110957,38.011560718096966,2.889892578125,0.009924900362094901
20.181554804440523,37.51861628261181,2.889892578125,0.03545335328139116,37.89521128492132,2.889892578125,0.010605338081264841
20.197851279573285,37.23013962056415,2.889892578125,0.0640292793770757,37.75082985414277,2.889892578125,0.01278879140993756
20.214147754706048,37.0116169625223,2.889892578125,0.08618457217506388,37.57181517185907,2.889892578125,0.018572041963147934
20.23044422983881,36.848371251035296,2.889892578125,0.10248732267773202,37.350169206127354,2.889892578125,0.02014364890682347
20.24674070497157,36.725261909881496,2.889892578125,0.11337898568353182,37.16290762276217,2.889892578125,0.012990412178434803
20.263037180104334,36.663977884492866,2.889892578125,0.1185850939464517,37.09314649233881,2.889892578125,0.003036819236117991
20.279333655237096,36.71158032898509,2.889892578125,0.1132534647001607,37.14934425470661,2.889892578125,0.014192606323842475
20.295630130369858,36.8821490148764,2.889892578125,0.09408291903026109,37.289516686178004,2.889892578125,0.01644944368434314
20.31192660550262,37.091749714298224,2.889892578125,0.06825644026510184,37.42489216500223,2.889892578125,0.014005030960695683
20.328223080635382,37.26076607893731,2.889892578125,0.044828190249612605,37.539577285813266,2.889892578125,0.011352336204742413
20.344519555768144,37.40104116892839,2.889892578125,0.02434919268034529,37.627154335698584,2.889892578125,0.008884797206934542
20.360816030900907,37.5252673103418,2.889892578125,0.007061230903231913,37.687377556383794,2.889892578125,0.006763962114462937
20.37711250603367,37.63229970513984,2.889892578125,0.025876879155776637,37.74254873355473,2.889892578125,0.006183656557744301
20.39340898116643,37.68718157193712,2.889892578125,0.05414391839703784,37.79187770769623,2.889892578125,0.00763089675086055
20.409705456299193,37.66128984892648,2.889892578125,0.08371317635043299,37.85986875637105,2.889892578125,0.008447043877852384
20.426001931431955,37.54472887698299,2.889892578125,0.11138920355068047,37.91882585531346,2.889892578125,0.006635854361681883
20.442298406564717,37.32807273748089,2.889892578125,0.13625417166450826,37.94138895359486,2.889892578125,0.0016308843988409262
20.45859488169748,37.01659123443074,2.889892578125,0.1603807675755141,37.914495532301224,2.889892578125,0.004343863662164392
20.47489135683024,36.63289412907747,2.889892578125,0.1895128706961195,37.831367018268985,2.889892578125,0.007774950814662762
20.491187831963003,36.21430868135194,2.889892578125,0.22785814678316962,37.73322547344865,2.889892578125,0.00856110862465797
20.507484307095766,35.7530172894368,2.889892578125,0.27512396131249645,37.6270330119935,2.889892578125,0.008357924712323528
20.523780782228528,35.22608666220693,2.889892578125,0.3315519413255532,37.532272976594356,2.889892578125,0.006629763735447608
20.54007725736129,34.61569154760767,2.889892578125,0.39718122991901234,37.46164080418578,2.889892578125,0.004277702291989947
20.556373732494052,33.90298321925172,2.889892578125,0.470321121971714,37.40227618202886,2.889892578125,0.002966955566998632
20.572670207626814,33.090948106802685,2.889892578125,0.5500956500741448,37.36140253687245,2.889892578125,0.0028493709757574587
20.588966682759576,32.236580353872,2.889892578125,0.6394724153968396,37.31804642205817,2.889892578125,0.0030601836831404172
20.605263157892338,31.409628647426093,2.889892578125,0.7423180894410838,37.2951940134031,2.889892578125,0.001211390161734659
20.6215596330251,30.640458133242543,2.889892578125,0.8583895117550934,37.30107665766756,2.889892578125,0.003574858390236749
20.637856108157862,29.88815783579415,2.889892578125,0.9817450677812042,37.3165376529052,2.889892578125,0.0040622207705419
20.654152583290625,29.115831349846296,2.889892578125,1.1064813629927135,37.33649695782365,2.889892578125,0.0025791058284003222
20.670449058423387,28.316707879396024,2.889892578125,1.2306220141995503,37.32783009007072,2.889892578125,0.0039247668731091775
20.68674553355615,27.495349506840913,2.889892578125,1.3541718887445948,37.30923956541476,2.889892578125,0.0015053176263531767
20.70304200868891,26.669869239177178,2.889892578125,1.4748235702087924,37.26514617577727,2.889892578125,0.005535728924527434
20.719338483821673,25.88297613145865,2.889892578125,1.5874040553045288,37.17526086463111,2.889892578125,0.009798813900101786
20.735634958954435,25.19243893249076,2.889892578125,1.6871986925932845,37.02546964095151,2.889892578125,0.01800747606963051
20.751931434087197,24.618038072498564,2.889892578125,1.773518677267826,36.783795931288225,2.889892578125,0.025663674028750267
20.76822790921996,24.13884365692294,2.889892578125,1.8455508460255277,36.47405029048006,2.889892578125,0.032577220228890716
20.78452438435272,23.746048829120475,2.889892578125,1.9003691770031417,36.077464874609774,2.889892578125,0.04051984240076966
20.800820859485484,23.441401894790072,2.889892578125,1.934034990118586,35.59620173431925,2.889892578125,0.04945780912099402
20.817117334618246,23.240552056455467,2.889892578125,1.9464874649332005,35.019799033193166,2.889892578125,0.05946648954371799
20.833413809751008,23.15736599143492,2.889892578125,1.940814468733424,34.33703899480759,2.889892578125,0.06872298985644013
20.84971028488377,23.183707234327215,2.889892578125,1.919822908296132,33.55817813853848,2.889892578125,0.07944846064818113
20.866006760016532,23.31541033792447,2.889892578125,1.8864492913626842,32.65193361365953,2.889892578125,0.0919142498312237
20.882303235149294,23.52443708289532,2.889892578125,1.8458882468141398,31.618467185110855,2.889892578125,0.10550352551715382
20.898599710282056,23.777852749605792,2.889892578125,1.8023717418485492,30.445830023373787,2.889892578125,0.11909252251571407
20.91489618541482,24.051736347536792,2.889892578125,1.7571368235557632,29.140408732718527,2.889892578125,0.1311085844647977
20.93119266054758,24.339887924272105,2.889892578125,1.709835685400595,27.73561243957457,2.889892578125,0.1402770678464034
20.947489135680343,24.6536325810517,2.889892578125,1.6623847664323477,26.250240096501496,2.889892578125,0.1458745256377187
20.963785610813105,24.972979904314794,2.889892578125,1.618638542035804,24.726762777439315,2.889892578125,0.14961769400368338
20.980082085945867,25.25397960417861,2.889892578125,1.5830956874562558,23.169666348611905,2.889892578125,0.15277933778602498
20.99637856107863,25.45079154073888,2.889892578125,1.5576589869122042,21.586741969490635,2.889892578125,0.15543735509646733
21.01267503621139,25.56250578620747,2.889892578125,1.5401942351589577,19.987356452280835,2.889892578125,0.15790406516950423
21.028971511344153,25.629005175482607,2.889892578125,1.527297883230422,18.366762618163065,2.889892578125,0.1594183733440912
21.045267986476915,25.64792389631514,2.889892578125,1.5175798499883042,16.75610488440526,2.889892578125,0.1584956916243793
21.061564461609677,25.607862186723526,2.889892578125,1.510059637700557,15.188783822560286,2.889892578125,0.1513141474493595
21.07786093674244,25.48942847451182,2.889892578125,1.5030912071899059,13.735055190464529,2.889892578125,0.13667829514477567
21.0941574118752,25.281730068568425,2.889892578125,1.4968303494264765,12.447838677300346,2.889892578125,0.11878216640518278
21.110453887007964,24.98719810929138,2.889892578125,1.4929643493622518,11.339783834754874,2.889892578125,0.10059905275319712
21.126750362140726,24.59567562496018,2.889892578125,1.4916960837176707,10.42409939236111,2.889892578125,0.08213005358861097
21.143046837273488,24.138479685807688,2.889892578125,1.4872739344999502,9.70776340745154,2.889892578125,0.0605155139523048
21.15934331240625,23.663971787198967,2.889892578125,1.4715123027996615,9.21976796810294,2.889892578125,0.036340098313705466
21.175639787539012,23.19766257127612,2.889892578125,1.4417628628112935,8.97480918580968,2.889892578125,0.012957331687289759
21.191936262671774,22.731454458440844,2.889892578125,1.3993931929110959,8.961285481273094,2.889892578125,0.011006138659445431
21.208232737804536,22.235500261810333,2.889892578125,1.3453819033771144,9.167803703098123,2.889892578125,0.031844686399697224
21.2245292129373,21.69808913297974,2.889892578125,1.2802829520375862,9.547917481713096,2.889892578125,0.04672452642475816
21.24082568807006,21.11685525969992,2.889892578125,1.2036814774458608,10.049504675753376,2.889892578125,0.05517133025098577
21.257122163202823,20.506713680535647,2.889892578125,1.1145542944133002,10.618903266059029,2.889892578125,0.059327517554674435
21.273418638335585,19.89072212118135,2.889892578125,1.0132029311392086,11.223327076763187,2.889892578125,0.06236949512474335
21.289715113468347,19.278107404951896,2.889892578125,0.9021114085064179,11.860225976910916,2.889892578125,0.06498852636943692
21.30601158860111,18.67001588531712,2.889892578125,0.7860830829132722,12.497327860949843,2.889892578125,0.06313471769894817
21.32230806373387,18.037892939482987,2.889892578125,0.6697049835293398,13.08127051926048,2.889892578125,0.05388248643489463
21.338604538866633,17.378311950496943,2.889892578125,0.5538445399723876,13.546032857943505,2.889892578125,0.03856210896070911
21.354901013999395,16.703310407508283,2.889892578125,0.4376134905530574,13.863213464268364,2.889892578125,0.024107632290337917
21.371197489132157,16.009980430175283,2.889892578125,0.3212289600943026,14.066738645843287,2.889892578125,0.016045616727077834
21.38749396426492,15.308941731273094,2.889892578125,0.20544587558624844,14.184132551685142,2.889892578125,0.008804570265257645
21.40379043939768,14.60244424335818,2.889892578125,0.09264019803312559,14.231584119262072,2.889892578125,0.0036259397424781145
21.420086914530444,13.908530978981508,2.889892578125,0.01243404507650037,14.200011958162111,2.889892578125,0.008798656522583386
21.436383389663206,13.238684138026805,2.889892578125,0.10024713782426713,14.080619322050602,2.889892578125,0.016488599497263848
21.452679864795968,12.595365969534434,2.889892578125,0.17008740926135002,13.866659524122387,2.889892578125,0.02760895747304851
21.46897633992873,12.007453070746527,2.889892578125,0.22460586644017624,13.547998146422655,2.889892578125,0.03700922229404111
21.485272815061492,11.511121681827774,2.889892578125,0.26877558331090845,13.163347561181988,2.889892578125,0.041427075090184055
21.501569290194254,11.144853193339465,2.889892578125,0.3033523886282322,12.782399682094562,2.889892578125,0.03580245890191533
21.517865765327016,10.92780664037613,2.889892578125,0.32677592997336447,12.475498926627404,2.889892578125,0.025599795125420228
21.53416224045978,10.854355247256466,2.889892578125,0.33734389923281816,12.265258944605712,2.889892578125,0.017762498949921553
21.55045871559254,10.910680555057816,2.889892578125,0.3333963575939642,12.127100797725136,2.889892578125,0.010600813110785697
21.566755190725303,11.063827623528685,2.889892578125,0.31376762695650806,12.041692797926222,2.889892578125,0.008943192435370907
21.583051665858065,11.291283128215388,2.889892578125,0.2815894319744809,11.996704257105712,2.889892578125,0.0032988274014011214
21.599348140990827,11.574341442485347,2.889892578125,0.24392865359469354,12.003898130644352,2.889892578125,0.006198520276823339
21.61564461612359,11.894385599336614,2.889892578125,0.20543924138324227,12.081396758131053,2.889892578125,0.012326939570027342
21.63194109125635,12.241591489521614,2.889892578125,0.16541954610873327,12.23187081650978,2.889892578125,0.018946545460998124
21.648237566389113,12.596459438312309,2.889892578125,0.12272671011044291,12.438614187133664,2.889892578125,0.022876310276729598
21.664534041521875,12.936534449959384,2.889892578125,0.08042474760222536,12.655499752872945,2.889892578125,0.020848167789896246
21.680830516654638,13.227523912591185,2.889892578125,0.04508917321943782,12.853393492470214,2.889892578125,0.018224343041250497
21.6971269917874,13.435848379961454,2.889892578125,0.02136547462428417,13.02820384174312,2.889892578125,0.016330097211482885
21.713423466920162,13.568595178508856,2.889892578125,0.006647223341746997,13.184637538276073,2.889892578125,0.014703813829999125
21.729719942052924,13.65834750020905,2.889892578125,0.0038102905139799086,13.327661076816943,2.889892578125,0.01328142116000387
21.746016417185686,13.727120931238453,2.889892578125,0.006131888560371384,13.445438396675506,2.889892578125,0.010128743712258281
21.762312892318448,13.772305456505638,2.889892578125,0.00702103997840354,13.521751007173403,2.889892578125,0.005292267900037419
21.77860936745121,13.772426002494663,2.889892578125,0.013838126343452441,13.526214319631594,2.889892578125,0.005562678182702216
21.794905842583972,13.72175235728848,2.889892578125,0.02871182533844591,13.436456553918992,2.889892578125,0.014305601078088556
21.811202317716734,13.625273569400642,2.889892578125,0.05277552138837664,13.27574775221394,2.889892578125,0.019801184421486415
21.827498792849497,13.503354911531998,2.889892578125,0.08734856997965841,13.09356932100535,2.889892578125,0.01783750393440654
21.84379526798226,13.386706835389987,2.889892578125,0.12770165558867325,12.947291040760783,2.889892578125,0.012660936224622865
21.86009174311502,13.307106819113946,2.889892578125,0.16576330911614212,12.860565589959224,2.889892578125,0.006786937867148958
21.876388218247783,13.295059219655883,2.889892578125,0.1991417737182143,12.830024680352478,2.889892578125,0.001923679525112819
21.892684693380545,13.365929373178277,2.889892578125,0.2322958596300221,12.837843059885879,2.889892578125,0.0044139582890784556
