student_id,digit,L_r,T_p_s,T_m_s,error_pct,source
23140870,0,0.25,4.056,1.840,-9.3,sim
23140871,1,0.30,4.056,2.030,-8.6,sim
23140872,2,0.35,4.056,2.244,-6.5,sim
23140873,3,0.40,4.056,2.415,-5.9,sim
23140874,4,0.45,4.056,2.587,-4.9,sim
23140875,5,0.50,4.056,2.738,-4.5,sim
23140876,6,0.55,4.056,2.885,-4.1,sim
23140877,7,0.60,4.056,3.031,-3.5,sim
23140878,8,0.65,4.056,3.176,-2.9,sim
23140879,9,0.70,4.056,3.300,-2.8,sim
23140880,0,0.25,4.057,1.854,-8.6,sim+read
23140881,1,0.30,4.042,2.041,-7.8,sim+read
23140882,2,0.35,4.084,2.256,-6.6,sim+read
23140883,3,0.40,4.103,2.388,-8.0,sim+read
23140884,4,0.45,4.058,2.566,-5.7,sim+read
23140885,5,0.50,4.032,2.732,-4.2,sim+read
23140886,6,0.55,4.063,2.898,-3.8,sim+read
23140887,7,0.60,4.071,3.098,-1.8,sim+read
23140888,8,0.65,4.082,3.128,-5.0,sim+read
23140889,9,0.70,4.062,3.281,-3.5,sim+read
23140890,0,0.25,4.041,1.879,-7.0,sim+read
23140891,1,0.30,4.049,1.971,-11.1,sim+read
23140892,2,0.35,4.065,2.235,-7.1,sim+read
23140893,3,0.40,4.021,2.387,-6.1,sim+read
23140894,4,0.45,4.037,2.586,-4.5,sim+read
23140895,5,0.50,4.043,2.740,-4.2,sim+read
23140896,6,0.55,4.111,2.861,-6.2,sim+read
23140897,7,0.60,4.032,3.024,-3.2,sim+read
23140898,8,0.65,4.089,3.155,-4.3,sim+read
23140899,9,0.70,4.099,3.261,-4.9,sim+read
