student_id,digit,Lr_water,Vr_water,Lr_honey,Vr_honey
23140037,0,0.25,0.531,0.25,0.210
23140046,0,0.25,0.526,0.25,0.211
23140081,0,0.25,0.523,0.25,0.210
23140154,1,0.30,0.576,0.30,0.288
23140188,1,0.30,0.580,0.30,0.288
23140229,1,0.30,0.587,0.30,0.289
23140260,2,0.35,0.617,0.35,0.372
23140314,2,0.35,0.617,0.35,0.372
23140343,2,0.35,0.612,0.35,0.373
23140381,3,0.40,0.644,0.40,0.456
23140458,3,0.40,0.650,0.40,0.456
23140504,3,0.40,0.655,0.40,0.453
23140576,4,0.45,0.685,0.45,0.536
23140612,4,0.45,0.683,0.45,0.534
23140699,4,0.45,0.678,0.45,0.536
23140741,5,0.50,0.718,0.50,0.606
23140834,5,0.50,0.716,0.50,0.612
23140876,5,0.50,0.716,0.50,0.602
23140906,6,0.55,0.752,0.55,0.672
23140954,6,0.55,0.747,0.55,0.669
23141039,6,0.55,0.754,0.55,0.666
23141076,7,0.60,0.781,0.60,0.730
23141128,7,0.60,0.770,0.60,0.734
23141176,7,0.60,0.777,0.60,0.732
23141185,8,0.65,0.825,0.65,0.781
23141271,8,0.65,0.825,0.65,0.775
23141315,8,0.65,0.834,0.65,0.777
23141339,9,0.70,0.853,0.70,0.818
23141392,9,0.70,0.848,0.70,0.813
23141436,9,0.70,0.852,0.70,0.824
