student,digit,a_cells,a_m,q,level_m,d0_m,d1_m,Fr1,Cd,FR_N_per_m,naive_N_per_m,diff_pct,source
S01,0,5,0.1087,0.33,1.7591,1.2592,0.0861,4.302,0.6108,6562.6,6492.5,1.1,runner-headless
S02,1,5,0.1087,0.33,1.7591,1.2592,0.0861,4.302,0.6108,6562.6,6492.5,1.1,runner-headless
S03,2,6,0.1304,0.33,1.4114,0.9115,0.0993,3.42,0.5984,3049.7,2992.6,1.9,runner-headless
S04,3,6,0.1304,0.33,1.4114,0.9115,0.0993,3.42,0.5984,3049.7,2992.6,1.9,runner-headless
S05,4,6,0.1304,0.33,1.4114,0.9115,0.0993,3.42,0.5984,3049.7,2992.6,1.9,runner-headless
S06,5,7,0.1522,0.33,1.1971,0.7154,0.1145,2.721,0.5787,1647.2,1555.8,5.9,runner-headless
S07,6,7,0.1522,0.33,1.1971,0.7154,0.1145,2.721,0.5787,1647.2,1555.8,5.9,runner-headless
S08,7,7,0.1522,0.33,1.1971,0.7154,0.1145,2.721,0.5787,1647.2,1555.8,5.9,runner-headless
S09,8,8,0.1739,0.33,1.085,0.585,0.1322,2.195,0.5601,955.3,829,15.2,runner-headless
S10,9,8,0.1739,0.33,1.085,0.585,0.1322,2.195,0.5601,955.3,829,15.2,runner-headless
