student,digit,scene,q,level,tail,d1,V1,E1,dc,dzpred,dzc,dzc_cells,frCrestMed,precells,d1_prechoke,e1_prechoke,dzpred_star,source
sim01,0,sandbox,0.15,1.0,1.0,0.4984,0.301,0.503,0.1319,0.3052,0.3478,16,0.975,15,0.5418,0.5457,0.3479,measured
sim02,1,sandbox,0.2,1.0,1.0,0.4985,0.4012,0.5067,0.1598,0.2671,0.3043,14,0.959,13,0.5418,0.5487,0.3091,measured
sim03,2,sandbox,0.25,1.0,1.0,0.4986,0.5014,0.5114,0.1854,0.2333,0.2609,12,1.031,11,0.5416,0.5525,0.2744,measured
sim04,3,sandbox,0.3,1.0,1.0,0.4987,0.6016,0.5171,0.2093,0.2031,0.2391,11,1.054,10,0.542,0.5576,0.2436,measured
sim05,4,sandbox,0.35,1.0,1.0,0.5196,0.6736,0.5427,0.232,0.1947,0.1957,9,1.016,8,0.5415,0.5628,0.2148,measured
sim06,5,sandbox,0.4,1.0,1.0,0.5198,0.7695,0.55,0.2536,0.1696,0.1739,8,1.023,7,0.5416,0.5694,0.189,measured
sim07,6,sandbox,0.45,1.0,1.0,0.5199,0.8656,0.5581,0.2743,0.1466,0.1522,7,0.985,6,0.5417,0.5769,0.1654,measured
sim08,7,sandbox,0.5,1.0,1.0,0.52,0.9615,0.5671,0.2943,0.1257,0.1304,6,1.014,5,0.5418,0.5852,0.1438,measured
sim09,8,sandbox,0.55,1.0,1.0,0.5202,1.0573,0.5772,0.3136,0.1068,0.1087,5,1.001,4,0.5418,0.5943,0.1239,measured
