student,digit,x,elevation,depth_h,bed_elev,ok_flag,source
S01,0,1,0.85000,0.50400,0.3460,1,measured
S02,1,2,0.84100,0.49500,0.3460,1,measured
S03,2,3,0.83760,0.50500,0.3326,1,measured
S04,3,4,0.83730,0.50500,0.3323,1,measured
S05,4,5,0.83710,0.50500,0.3321,1,measured
S06,5,6,0.83700,0.50500,0.3320,1,measured
S07,6,7,0.83700,0.51800,0.3190,1,measured
S08,7,8,0.83700,0.51800,0.3190,1,measured
S09,8,9,0.83690,0.51800,0.3189,1,measured
S10,9,10,0.83690,0.53100,0.3059,1,measured
S11,extra1,11,0.83690,0.53100,0.3059,1,measured
S12,extra2,12,0.83680,0.53100,0.3058,1,measured
S13,extra3,13,0.82330,0.53100,0.2923,0,measured
